﻿Designator,Footprint,Quantity,Value,LCSC Part #
1117,SOT-223-3_TabPin2,1,AMS1117-3.3,
BOOT,PinHeader_2x03_P2.54mm_Vertical,1,Conn_02x03_Odd_Even,
"C1, C4, C9",0603,3,1uF,
"C10, C11, C12, C13",0603,4,20pF,
"C2, C3, C5, C6, C7, C8",0603,6,100nF,
J3,PinHeader_1x04_P2.54mm_Vertical,1,Conn_01x04,
"J4, J5",PinHeader_1x20_P2.54mm_Vertical,2,Conn_01x20,
"PC13, PWR",0603,2,LED,
"R1, R2, R3",0603,3,5.1K,
"R4, R5",0603,2,10K,
RST,SW_SPST_CK_RS282G05A3,1,SW_Push,
STM32,LQFP-48_7x7mm_P0.5mm,1,STM32F103C8Tx,
USB,USB_C_Receptacle_G-Switch_GT-USB-7010ASV,1,USB_C_Receptacle_USB2.0_16P,
Y1,Crystal_SMD_3215-2Pin_3.2x1.5mm,1,32.768kHz,
Y2,Crystal_SMD_3225-4Pin_3.2x2.5mm_HandSoldering,1,8MHz,
